28756.3236,28756.3483,28762.3796,28765.312,28765.5452,28766.2616,28768.1944,28768.4108,28769.3103,28770.8269,28771.0433,28772.8593,28774.4755,28774.7085,28778.5573,28781.6229,28783.6721,28784.8885,28785.0883,28790.4531,28793.3189,28793.4851,28796.7675,28798.5837,28798.8167,28803.9983,28805.481,28805.6976,28808.4467,28809.7297,28809.9129,28815.4442,28816.9938,28817.1769,28821.5087,28822.5752,28822.7916,28828.0731,28829.2729,28829.4726,28832.2883,28833.4713,28833.6877,28838.5194,28842.0515,28844.1174,28845.7172,28845.9168,28847.0497,28847.633,28848.0994,28853.8807,28856.0301,28856.2798,28858.8957,28862.3111,28864.3604,28866.5929,28866.7761,28869.1254,28870.8581,28871.0579,28871.7075,28872.8074,28873.0072,28874.54,28877.3725,28879.4216,28881.8543,28882.0374,28886.136,28887.9854,28888.1852,28890.8011,28891.451,28891.6674,28894.7163,28897.6652,28900.7474,28901.9472,28902.1637,28904.1796,28904.6461,28904.8461,28907.0452,28907.6451,28907.8616,28909.5777,28913.7929,28914.0261,28914.8592,28916.9753,28917.1748,28917.7082,28918.8246,28919.0244,28920.757,28922.5732,28922.7397,28926.1719,28927.5049,28927.7213,28932.1198,28934.9522,28935.1354,28937.7512,28939.5505,28939.7671,28941.8164,28942.9663,28943.1326,28947.8976,28948.7142,28948.8973,28953.9788,28954.9119,28955.1284,28958.4439,28961.5095,28964.6418,28967.5909,28967.7906,28970.0731,28974.2884,28974.5047,28975.1547,28976.4379,28976.6374,28981.7523,28983.652,28983.835,28984.9846,28986.4175,28986.5673,28989.4996,28990.9493,28991.1657,28995.9474,28998.5967,28998.8297,28999.4128,29001.9121,29002.0618,29003.1281,29004.0446,29004.2109,29007.46,29008.3599,29008.5429,29014.1743,29015.324,29015.4905,29018.5393,29021.3717,29023.6376,29027.2532,29027.436,29028.8525,29029.3188,29029.5189,29032.5511,29033.6175,29033.8007,29036.8662,29037.3162,29037.516,29039.4986,29042.9142,29046.3129,29047.8793,29048.0956,29052.1942,29054.5602,29054.7764,29055.6097,29056.7595,29056.9592,29060.5579,29061.5409,29061.7408,29065.2061,29066.1229,29066.3059,29069.3714,29072.9036,29075.9025,29077.1521,29077.3853,29082.1336,29083.8666,29084.3493,29088.0316,29088.7815,29088.9144,29093.7796,29094.3963,29094.6126,29099.2776,29102.6931,29105.9919,29107.725,29107.9579,29112.6896,29117.5381,29117.7878,29118.5872,29121.5532,29121.7864,29123.3358,29124.7022,29124.8686,29130.0334,29130.6833,29130.9163,29135.3649,29138.7636,29140.8297,29142.8458,29143.0622,29147.494,29148.0273,29148.227,29150.5429,29151.6426,29152.0424,29155.3079,29157.1408,29157.3404,29160.9225,29161.2894,29161.5224,29163.5217,29166.2374,29169.7861,29171.9856,29172.2019,29175.6171,29177.467,29177.65,29180.399,29180.9324,29181.1152,29186.5968,29189.6625,29191.7116,29192.5117,29192.7114,29195.8769,29199.2926,29199.6422,29202.258,29208.4227,29208.6224,29209.3388,29210.3554,29210.5718,29213.654,29214.6372,29214.8202,29218.0025,29219.2688,29219.5019,29225.1666,29226.7163,29226.8993,29227.899,29228.8489,29229.032,29231.0812,29231.4147,29231.6477,29238.0787,29240.6778,29242.7269,29244.9432,29245.1429,29249.658,29252.5738,29252.7568,29256.7721,29257.2222,29257.4218,29262.4868,29265.6521,29268.0013,29269.0347,29269.2178,29271.0838,29276.632,29276.8317,29277.3481,29278.248,29278.7144,29283.1795,29283.6462,29283.8459,29287.228,29287.7781,29287.9445,29294.3088,29297.7076,29299.7567,29304.0057,29304.2388,29304.9218,29306.155,29306.338,29307.7209,29308.1708,29308.4205,29311.9027,29314.7182,29317.1176,29318.7506,29318.9669,29324.265,29325.5481,29325.731,29328.1803,29328.647,29328.8467,29330.9293,29334.3279,29336.3941,29340.9426,29341.1424,29341.6589,29346.8406,29347.0237,29347.5901,29348.64,29348.8397,29351.9219,29355.1042,29357.5366,29359.0529,29359.2027,29362.8847,29364.5844,29364.8174,29367.783,29369.066,29369.2492,29372.0149,29373.2313,29373.431,29377.8128,29380.9951,29383.0443,29385.8434,29386.0932,29388.3591,29389.6589,29389.8419,29391.0082,29391.4083,29391.5913,29394.6069,29397.6556,29401.0713,29402.0044,29402.2376,29406.5027,29408.0691,29408.2521,29409.9015,29410.4847,29410.6845,29413.55,29416.8321,29418.8983,29422.7306,29422.9136,29423.6967,29424.33,29424.5297,29429.8112,29431.4275,29431.7438,29432.4936,29433.1436,29433.3264,29436.6255,29436.9588,29437.2252,29438.908,29441.9736,29444.9558,29446.4221,29446.5886,29449.4876,29450.6706,29450.8704,29452.5865,29453.2863,29453.4528,29457.1349,29460.0839,29462.1331,29464.6658,29464.8155,29467.981,29469.214,29469.3973,29471.5129,29472.5964,29472.8127,29475.1785,29478.3438,29480.41,29483.5425,29483.7255,29485.8415,29486.9578,29487.1743,29491.2562,29492.0727,29492.2559,29494.4883,29497.3038,29499.6699,29501.0862,29501.2693,29504.1183,29506.3843,29506.6174,29510.2162,29513.515,29516.6139,29519.2465,29519.4129,29520.1627,29521.0458,29521.2788,29525.1109,29527.9433,29529.9925,29533.0085,29533.1748,29534.5743,29535.7073,29535.9071,29539.5059,29542.6881,29544.7374,29546.9367,29547.0532,29551.8348,29553.5345,29553.7342,29554.5669,29555.4338,29555.6502,29559.0323,29562.0148,29562.2145,29565.0635,29565.5301,29565.7633,29571.1613,29574.6765,29576.7428,29578.8422,29579.0753,29582.4741,29583.5905,29583.7902,29587.339,29590.4046,29592.837,29593.8869,29594.0866,29596.7857,29597.9188,29598.1352,29601.9505,29604.5496,29606.5986,29608.4318,29608.6149,29610.9971,29612.2638,29612.4635,29614.9956,29615.596,29615.8123,29620.6439,29623.6926,29625.7588,29626.9086,29627.2416,29629.091,29630.224,29630.4738,29633.5061,29636.4551,29638.5043,29640.3705,29640.5036,29644.6855,29645.8853,29646.0516,29648.7507,29649.3341,29649.5837,29655.7649,29659.0638,29662.1127,29663.1459,29663.3456,29665.1616,29666.378,29666.661,29670.0266,29673.192,29675.2581,29676.6911,29677.1406,29681.8388,29683.3221,29683.5716,29685.6877,29688.3865,29690.4527,29691.3691,29691.519,29696.0006,29697.3505,29697.5669,29699.183,29701.8987,29705.564,29706.5306,29706.7801,29711.312,29712.0787,29712.3283,29717.643,29721.1752,29724.0742,29726.4069,29726.8732,29729.6222,29730.4054,29730.7218,29734.5871,29738.0026,29740.0519,29741.1018,29741.2348,29746.4163,29747.2662,29747.4493,29751.5478,29754.8467,29756.896,29757.8791,29758.0789,29762.4107,29763.3439,29763.5103,29769.0417,29772.4572,29775.8724,29779.4383,29779.6213,29780.471,29781.4209,29781.6037,29785.086,29785.7194,29785.9357,29788.3682,29791.5504,29793.5997,29794.8662,29795.0658,29797.6147,29798.7812,29799.031,29800.8302,29803.6628,29805.7121,29806.4287,29806.6117,29809.3108,29810.6106,29810.7603,29814.9421,29817.7747,29818.0411,29819.8902,29822.6062,29826.3048,29826.9882,29827.1546,29832.8525,29834.3522,29834.5852,29837.9174,29840.983,29844.865,29846.7811,29846.9643,29847.7639,29848.4473,29848.6636,29853.0954,29855.6945,29858.8434,29862.559,29862.6752,29864.658,29865.8911,29866.0742,29871.1557,29873.9715,29874.1879,29877.6698,29880.7357,29882.785,29883.5514,29883.7512,29885.1507,29885.8841,29886.2004,29888.9493,29891.9982,29894.0643,29896.4637,29896.63,29900.512,29901.9949,29902.1781,29904.9438,29905.827,29906.0098,29908.026,29910.975,29913.0243,29915.9068,29916.0899,29920.1551,29922.6378,29922.7875,29923.7538,29924.8202,29924.9867,29928.2522,29931.6677,29933.717,29937.2327,29937.7156,29938.2487,29939.382,29939.5482,29943.0303,29945.7461,29949.6447,29950.5113,29950.761,29956.4588,29957.8588,29958.0418,29962.3734,29965.539,29967.605,29968.0217,29968.1748
0,1,0,0,1,0,0,1,0,0,1,0,0,1,0,1,0,0,1,0,0,1,0,0,1,0,0,1,0,0,1,0,0,1,0,0,1,0,0,1,0,0,1,0,1,0,0,1,0,0,1,0,0,1,0,1,0,0,1,0,0,1,0,0,1,0,1,0,0,1,0,0,1,0,0,1,0,1,0,0,1,0,0,1,0,0,1,0,0,1,0,0,1,0,0,1,0,0,1,0,0,1,0,0,1,0,0,1,0,0,1,0,0,1,0,0,1,0,1,0,0,1,0,0,1,0,0,1,0,0,1,0,0,1,0,0,1,0,0,1,0,0,1,0,0,1,0,0,1,0,0,1,0,1,0,0,1,0,0,1,0,0,1,0,0,1,0,1,0,0,1,0,0,1,0,0,1,0,0,1,0,0,1,0,1,0,0,1,0,0,1,0,0,1,0,0,1,0,1,0,0,1,0,0,1,0,0,1,0,0,1,0,0,1,0,1,0,0,1,0,0,1,0,0,1,0,0,1,0,0,1,0,1,0,0,1,0,0,1,0,0,1,0,1,0,0,1,0,0,1,0,0,1,0,0,1,0,0,1,0,0,1,0,0,1,0,0,1,0,0,1,0,1,0,0,1,0,0,1,0,0,1,0,1,0,0,1,0,0,1,0,0,1,0,0,1,0,0,1,0,1,0,0,1,0,0,1,0,0,1,0,1,0,0,1,0,0,1,0,0,1,0,1,0,0,1,0,0,1,0,0,1,0,1,0,0,1,0,0,1,0,0,1,0,0,1,0,1,0,0,1,0,0,1,0,0,1,0,1,0,0,1,0,0,1,0,0,1,0,1,0,0,1,0,0,1,0,0,1,0,0,1,0,0,1,0,1,0,0,1,0,0,1,0,0,1,0,1,0,0,1,0,0,1,0,0,1,0,1,0,0,1,0,0,1,0,0,1,0,1,0,0,1,0,0,1,0,1,0,0,1,0,0,1,0,1,0,0,1,0,0,1,0,1,0,0,1,0,0,1,0,0,1,0,0,1,0,0,1,0,1,0,0,1,0,0,1,0,1,0,0,1,0,0,1,0,1,0,0,1,0,0,1,0,0,1,0,1,0,0,1,0,0,1,0,1,0,0,1,0,0,1,0,0,1,0,1,0,0,1,0,0,1,0,1,0,0,1,0,0,1,0,1,0,0,1,0,0,1,0,1,0,0,1,0,0,1,0,1,0,0,1,0,0,1,0,1,0,0,1,0,0,1,0,1,0,0,1,0,0,1,0,1,0,0,1,0,0,1,0,0,1,0,1,0,0,1,0,0,1,0,1,0,0,1,0,0,1,0,0,1,0,1,0,0,1,0,0,1,0,1,0,0,1,0,0,1,0,1,0,0,1,0,0,1,0,0,1,0,1,0,0,1,0,0,1,0,1,0,0,1,0,0,1,0,0,1,0,1,0,0,1,0,0,1,0,0,1,0,1,0,0,1,0,0,1,0,1,0,0,1,0,0,1,0,1,0,0,0
-5,0,0,1,0,0,2,0,0,2,0,0,1,0,0,0,0,2,0,0,2,0,0,1,0,0,1,0,0,2,0,0,2,0,0,2,0,0,2,0,0,1,0,0,0,0,1,0,0,2,0,0,1,0,0,0,0,2,0,0,2,0,0,1,0,0,0,0,1,0,0,2,0,0,1,0,0,0,0,1,0,0,2,0,0,1,0,0,1,0,0,2,0,0,2,0,0,2,0,0,1,0,0,1,0,0,2,0,0,2,0,0,2,0,0,1,0,0,0,0,2,0,0,1,0,0,1,0,0,2,0,0,2,0,0,1,0,0,1,0,0,2,0,0,2,0,0,2,0,0,1,0,0,0,0,2,0,0,2,0,0,2,0,0,1,0,0,0,0,1,0,0,1,0,0,1,0,0,2,0,0,1,0,0,0,0,2,0,0,2,0,0,2,0,0,1,0,0,0,0,1,0,0,1,0,0,2,0,0,2,0,0,1,0,0,0,0,1,0,0,1,0,0,2,0,0,2,0,0,1,0,0,0,0,1,0,0,2,0,0,1,0,0,0,0,1,0,0,2,0,0,1,0,0,2,0,0,2,0,0,1,0,0,2,0,0,2,0,0,1,0,0,0,0,1,0,0,2,0,0,1,0,0,0,0,1,0,0,1,0,0,2,0,0,2,0,0,1,0,0,0,0,2,0,0,2,0,0,1,0,0,0,0,2,0,0,2,0,0,1,0,0,0,0,1,0,0,2,0,0,1,0,0,0,0,2,0,0,1,0,0,2,0,0,1,0,0,0,0,1,0,0,2,0,0,1,0,0,0,0,1,0,0,2,0,0,1,0,0,0,0,1,0,0,1,0,0,1,0,0,2,0,0,1,0,0,0,0,1,0,0,2,0,0,1,0,0,0,0,2,0,0,2,0,0,1,0,0,0,0,1,0,0,2,0,0,1,0,0,0,0,2,0,0,1,0,0,0,0,2,0,0,1,0,0,0,0,2,0,0,1,0,0,0,0,2,0,0,2,0,0,1,0,0,2,0,0,1,0,0,0,0,2,0,0,1,0,0,0,0,2,0,0,1,0,0,0,0,2,0,0,2,0,0,1,0,0,0,0,2,0,0,1,0,0,0,0,2,0,0,2,0,0,1,0,0,0,0,2,0,0,1,0,0,0,0,2,0,0,1,0,0,0,0,2,0,0,1,0,0,0,0,2,0,0,1,0,0,0,0,2,0,0,1,0,0,0,0,2,0,0,1,0,0,0,0,2,0,0,1,0,0,0,0,1,0,0,2,0,0,1,0,0,0,0,2,0,0,1,0,0,0,0,2,0,0,2,0,0,1,0,0,0,0,2,0,0,1,0,0,0,0,2,0,0,1,0,0,0,0,2,0,0,2,0,0,1,0,0,0,0,2,0,0,1,0,0,0,0,2,0,0,2,0,0,1,0,0,0,0,1,0,0,2,0,0,1,0,0,0,0,2,0,0,1,0,0,0,0,2,0,0,1,0,0,0,0,-1,0
-5,0,0,1,0,0,2,0,0,2,0,0,1,0,0,0,0,2,0,0,2,0,0,1,0,0,1,0,0,2,0,0,2,0,0,2,0,0,2,0,0,1,0,0,0,0,1,0,0,2,0,0,1,0,0,0,0,2,0,0,2,0,0,1,0,0,0,0,1,0,0,2,0,0,1,0,0,0,0,1,0,0,2,0,0,1,0,0,1,0,0,2,0,0,2,0,0,2,0,0,1,0,0,1,0,0,2,0,0,2,0,0,2,0,0,1,0,0,0,0,2,0,0,1,0,0,1,0,0,2,0,0,2,0,0,1,0,0,1,0,0,2,0,0,2,0,0,2,0,0,1,0,0,0,0,2,0,0,2,0,0,2,0,0,1,0,0,0,0,1,0,0,1,0,0,1,0,0,2,0,0,1,0,0,0,0,2,0,0,2,0,0,2,0,0,1,0,0,0,0,1,0,0,1,0,0,2,0,0,2,0,0,1,0,0,0,0,1,0,0,1,0,0,2,0,0,2,0,0,1,0,0,0,0,1,0,0,2,0,0,1,0,0,0,0,1,0,0,2,0,0,1,0,0,2,0,0,2,0,0,1,0,0,2,0,0,2,0,0,1,0,0,0,0,1,0,0,2,0,0,1,0,0,0,0,1,0,0,1,0,0,2,0,0,2,0,0,1,0,0,0,0,2,0,0,2,0,0,1,0,0,0,0,2,0,0,2,0,0,1,0,0,0,0,1,0,0,2,0,0,1,0,0,0,0,2,0,0,1,0,0,2,0,0,1,0,0,0,0,1,0,0,2,0,0,1,0,0,0,0,1,0,0,2,0,0,1,0,0,0,0,1,0,0,1,0,0,1,0,0,2,0,0,1,0,0,0,0,1,0,0,2,0,0,1,0,0,0,0,2,0,0,2,0,0,1,0,0,0,0,1,0,0,2,0,0,1,0,0,0,0,2,0,0,1,0,0,0,0,2,0,0,1,0,0,0,0,2,0,0,1,0,0,0,0,2,0,0,2,0,0,1,0,0,2,0,0,1,0,0,0,0,2,0,0,1,0,0,0,0,2,0,0,1,0,0,0,0,2,0,0,2,0,0,1,0,0,0,0,2,0,0,1,0,0,0,0,2,0,0,2,0,0,1,0,0,0,0,2,0,0,1,0,0,0,0,2,0,0,1,0,0,0,0,2,0,0,1,0,0,0,0,2,0,0,1,0,0,0,0,2,0,0,1,0,0,0,0,2,0,0,1,0,0,0,0,2,0,0,1,0,0,0,0,1,0,0,2,0,0,1,0,0,0,0,2,0,0,1,0,0,0,0,2,0,0,2,0,0,1,0,0,0,0,2,0,0,1,0,0,0,0,2,0,0,1,0,0,0,0,2,0,0,2,0,0,1,0,0,0,0,2,0,0,1,0,0,0,0,2,0,0,2,0,0,1,0,0,0,0,1,0,0,2,0,0,1,0,0,0,0,2,0,0,1,0,0,0,0,2,0,0,1,0,0,0,0,-1,0
0,0,6,0,0,5,0,0,2,0,0,3,0,0,1,0,6,0,0,3,0,0,4,0,0,6,0,0,5,0,0,2,0,0,3,0,0,4,0,0,2,0,0,1,0,6,0,0,5,0,0,2,0,0,1,0,7,0,0,5,0,0,2,0,0,1,0,6,0,0,5,0,0,2,0,0,1,0,6,0,0,5,0,0,2,0,0,1,0,0,6,0,0,3,0,0,4,0,0,2,0,0,1,0,0,6,0,0,3,0,0,4,0,0,2,0,0,1,0,7,0,0,5,0,0,7,0,0,4,0,0,2,0,0,4,0,0,6,0,0,5,0,0,2,0,0,4,0,0,2,0,0,1,0,6,0,0,3,0,0,4,0,0,2,0,0,1,0,6,0,0,5,0,0,7,0,0,4,0,0,2,0,0,1,0,6,0,0,3,0,0,4,0,0,2,0,0,1,0,7,0,0,4,0,0,6,0,0,5,0,0,2,0,0,1,0,7,0,0,4,0,0,6,0,0,3,0,0,2,0,0,1,0,7,0,0,4,0,0,2,0,0,1,0,7,0,0,4,0,0,4,0,0,6,0,0,3,0,0,4,0,0,7,0,0,5,0,0,2,0,0,1,0,7,0,0,4,0,0,2,0,0,1,0,7,0,0,4,0,0,6,0,0,3,0,0,2,0,0,1,0,7,0,0,5,0,0,2,0,0,1,0,6,0,0,3,0,0,2,0,0,1,0,7,0,0,4,0,0,2,0,0,1,0,6,0,0,3,0,0,1,0,0,2,0,0,1,0,6,0,0,5,0,0,2,0,0,1,0,6,0,0,5,0,0,2,0,0,1,0,6,0,0,5,0,0,7,0,0,5,0,0,2,0,0,1,0,6,0,0,5,0,0,2,0,0,1,0,7,0,0,5,0,0,2,0,0,1,0,7,0,0,4,0,0,2,0,0,1,0,6,0,0,3,0,0,1,0,6,0,0,3,0,0,1,0,6,0,0,3,0,0,1,0,7,0,0,5,0,0,2,0,0,1,0,0,2,0,0,1,0,6,0,0,3,0,0,1,0,6,0,0,3,0,0,1,0,7,0,0,5,0,0,2,0,0,1,0,6,0,0,3,0,0,1,0,7,0,0,5,0,0,2,0,0,1,0,6,0,0,3,0,0,1,0,6,0,0,3,0,0,1,0,6,0,0,3,0,0,1,0,6,0,0,3,0,0,1,0,6,0,0,3,0,0,1,0,6,0,0,3,0,0,1,0,6,0,0,3,0,0,1,0,7,0,0,4,0,0,2,0,0,1,0,6,0,0,3,0,0,1,0,6,0,0,3,0,0,2,0,0,1,0,6,0,0,3,0,0,1,0,6,0,0,3,0,0,1,0,7,0,0,5,0,0,2,0,0,1,0,6,0,0,3,0,0,1,0,7,0,0,5,0,0,3,0,0,1,0,7,0,0,4,0,0,2,0,0,1,0,6,0,0,3,0,0,1,0,6,0,0,3,0,0,1,0,6,0,0
0,0,6,0,0,5,0,0,2,0,0,3,0,0,1,0,6,0,0,3,0,0,4,0,0,6,0,0,5,0,0,2,0,0,3,0,0,4,0,0,2,0,0,1,0,6,0,0,5,0,0,2,0,0,1,0,7,0,0,5,0,0,2,0,0,1,0,6,0,0,5,0,0,2,0,0,1,0,6,0,0,5,0,0,2,0,0,4,0,0,6,0,0,3,0,0,4,0,0,2,0,0,4,0,0,6,0,0,3,0,0,4,0,0,2,0,0,1,0,7,0,0,5,0,0,7,0,0,4,0,0,3,0,0,4,0,0,6,0,0,5,0,0,3,0,0,4,0,0,2,0,0,1,0,6,0,0,3,0,0,5,0,0,2,0,0,1,0,6,0,0,5,0,0,7,0,0,4,0,0,2,0,0,1,0,6,0,0,3,0,0,5,0,0,2,0,0,1,0,7,0,0,4,0,0,7,0,0,5,0,0,2,0,0,1,0,7,0,0,4,0,0,6,0,0,5,0,0,2,0,0,1,0,7,0,0,4,0,0,2,0,0,1,0,7,0,0,3,0,0,4,0,0,6,0,0,3,0,0,5,0,0,7,0,0,5,0,0,2,0,0,1,0,7,0,0,5,0,0,2,0,0,1,0,7,0,0,4,0,0,6,0,0,5,0,0,2,0,0,1,0,7,0,0,5,0,0,2,0,0,1,0,6,0,0,5,0,0,2,0,0,1,0,7,0,0,4,0,0,2,0,0,1,0,6,0,0,3,0,0,4,0,0,2,0,0,1,0,6,0,0,5,0,0,2,0,0,1,0,6,0,0,4,0,0,2,0,0,1,0,6,0,0,5,0,0,6,0,0,5,0,0,2,0,0,1,0,6,0,0,4,0,0,2,0,0,1,0,7,0,0,5,0,0,2,0,0,1,0,7,0,0,5,0,0,2,0,0,1,0,6,0,0,3,0,0,1,0,6,0,0,3,0,0,1,0,6,0,0,2,0,0,1,0,7,0,0,5,0,0,2,0,0,5,0,0,2,0,0,1,0,6,0,0,3,0,0,1,0,6,0,0,2,0,0,1,0,7,0,0,5,0,0,2,0,0,1,0,6,0,0,2,0,0,1,0,7,0,0,5,0,0,2,0,0,1,0,6,0,0,3,0,0,1,0,6,0,0,2,0,0,1,0,6,0,0,3,0,0,1,0,6,0,0,2,0,0,1,0,6,0,0,3,0,0,1,0,6,0,0,2,0,0,1,0,6,0,0,3,0,0,1,0,7,0,0,5,0,0,2,0,0,1,0,6,0,0,3,0,0,1,0,6,0,0,5,0,0,2,0,0,1,0,6,0,0,3,0,0,1,0,6,0,0,2,0,0,1,0,7,0,0,5,0,0,2,0,0,1,0,6,0,0,3,0,0,1,0,7,0,0,6,0,0,3,0,0,1,0,7,0,0,4,0,0,3,0,0,1,0,6,0,0,3,0,0,1,0,6,0,0,2,0,0,1,0,6,0,0
0,0,0,0,0,0,0,0,0,0,0,0,0,0,100,0,0,0,0,0,0,0,0,0,0,0,0,0,0,0,0,0,0,0,0,0,0,0,0,0,0,0,0,100,0,0,0,0,0,0,0,0,0,0,100,0,0,0,0,0,0,0,0,0,0,100,0,0,0,0,0,0,0,0,0,0,100,0,0,0,0,0,0,0,0,0,0,0,0,0,0,0,0,0,0,0,0,0,0,0,0,0,0,0,0,0,0,0,0,0,0,0,0,0,0,0,0,100,0,0,0,0,0,0,0,0,0,0,0,0,0,0,0,0,0,0,0,0,0,0,0,0,0,0,0,0,0,0,0,0,0,0,100,0,0,0,0,0,0,0,0,0,0,0,0,0,100,0,0,0,0,0,0,0,0,0,0,0,0,0,0,0,0,100,0,0,0,0,0,0,0,0,0,0,0,0,0,100,0,0,0,0,0,0,0,0,0,0,0,0,0,0,0,0,100,0,0,0,0,0,0,0,0,0,0,0,0,0,0,0,0,100,0,0,0,0,0,0,0,0,0,0,100,0,0,0,0,0,0,0,0,0,0,0,0,0,0,0,0,0,0,0,0,0,0,0,0,0,0,0,0,100,0,0,0,0,0,0,0,0,0,0,100,0,0,0,0,0,0,0,0,0,0,0,0,0,0,0,0,100,0,0,0,0,0,0,0,0,0,0,100,0,0,0,0,0,0,0,0,0,0,100,0,0,0,0,0,0,0,0,0,0,100,0,0,0,0,0,0,0,0,0,0,0,0,0,100,0,0,0,0,0,0,0,0,0,0,100,0,0,0,0,0,0,0,0,0,0,100,0,0,0,0,0,0,0,0,0,0,0,0,0,0,0,0,100,0,0,0,0,0,0,0,0,0,0,100,0,0,0,0,0,0,0,0,0,0,100,0,0,0,0,0,0,0,0,0,0,100,0,0,0,0,0,0,0,100,0,0,0,0,0,0,0,100,0,0,0,0,0,0,0,100,0,0,0,0,0,0,0,0,0,0,0,0,0,0,0,0,100,0,0,0,0,0,0,0,100,0,0,0,0,0,0,0,100,0,0,0,0,0,0,0,0,0,0,100,0,0,0,0,0,0,0,100,0,0,0,0,0,0,0,0,0,0,100,0,0,0,0,0,0,0,100,0,0,0,0,0,0,0,100,0,0,0,0,0,0,0,100,0,0,0,0,0,0,0,100,0,0,0,0,0,0,0,100,0,0,0,0,0,0,0,100,0,0,0,0,0,0,0,100,0,0,0,0,0,0,0,0,0,0,100,0,0,0,0,0,0,0,100,0,0,0,0,0,0,0,0,0,0,100,0,0,0,0,0,0,0,100,0,0,0,0,0,0,0,100,0,0,0,0,0,0,0,0,0,0,100,0,0,0,0,0,0,0,100,0,0,0,0,0,0,0,0,0,0,100,0,0,0,0,0,0,0,0,0,0,100,0,0,0,0,0,0,0,100,0,0,0,0,0,0,0,100,0,0,0,0
0,1,0,0,0,0,0,0,0,0,0,0,0,0,0,1,0,0,0,0,0,0,0,0,0,0,0,0,0,0,0,0,0,0,0,0,0,0,0,0,0,0,0,0,1,0,0,0,0,0,0,0,0,0,0,1,0,0,0,0,0,0,0,0,0,0,1,0,0,0,0,0,0,0,0,0,0,1,0,0,0,0,0,0,0,0,0,0,0,0,0,0,0,0,0,0,0,0,0,0,0,0,0,0,0,0,0,0,0,0,0,0,0,0,0,0,0,0,1,0,0,0,0,0,0,0,0,0,0,0,0,0,0,0,0,0,0,0,0,0,0,0,0,0,0,0,0,0,0,0,0,0,0,1,0,0,0,0,0,0,0,0,0,0,0,0,0,1,0,0,0,0,0,0,0,0,0,0,0,0,0,0,0,0,1,0,0,0,0,0,0,0,0,0,0,0,0,0,1,0,0,0,0,0,0,0,0,0,0,0,0,0,0,0,0,1,0,0,0,0,0,0,0,0,0,0,0,0,0,0,0,0,1,0,0,0,0,0,0,0,0,0,0,1,0,0,0,0,0,0,0,0,0,0,0,0,0,0,0,0,0,0,0,0,0,0,0,0,0,0,0,0,1,0,0,0,0,0,0,0,0,0,0,1,0,0,0,0,0,0,0,0,0,0,0,0,0,0,0,0,1,0,0,0,0,0,0,0,0,0,0,1,0,0,0,0,0,0,0,0,0,0,1,0,0,0,0,0,0,0,0,0,0,1,0,0,0,0,0,0,0,0,0,0,0,0,0,1,0,0,0,0,0,0,0,0,0,0,1,0,0,0,0,0,0,0,0,0,0,1,0,0,0,0,0,0,0,0,0,0,0,0,0,0,0,0,1,0,0,0,0,0,0,0,0,0,0,1,0,0,0,0,0,0,0,0,0,0,1,0,0,0,0,0,0,0,0,0,0,1,0,0,0,0,0,0,0,1,0,0,0,0,0,0,0,1,0,0,0,0,0,0,0,1,0,0,0,0,0,0,0,0,0,0,0,0,0,0,0,0,1,0,0,0,0,0,0,0,1,0,0,0,0,0,0,0,1,0,0,0,0,0,0,0,0,0,0,1,0,0,0,0,0,0,0,1,0,0,0,0,0,0,0,0,0,0,1,0,0,0,0,0,0,0,1,0,0,0,0,0,0,0,1,0,0,0,0,0,0,0,1,0,0,0,0,0,0,0,1,0,0,0,0,0,0,0,1,0,0,0,0,0,0,0,1,0,0,0,0,0,0,0,1,0,0,0,0,0,0,0,0,0,0,1,0,0,0,0,0,0,0,1,0,0,0,0,0,0,0,0,0,0,1,0,0,0,0,0,0,0,1,0,0,0,0,0,0,0,1,0,0,0,0,0,0,0,0,0,0,1,0,0,0,0,0,0,0,1,0,0,0,0,0,0,0,0,0,0,1,0,0,0,0,0,0,0,0,0,0,1,0,0,0,0,0,0,0,1,0,0,0,0,0,0,0,1,0,0,0
0,0,0,0,0,0,0,0,0,0,0,0,0,0,1,0,0,0,0,0,0,0,0,0,0,0,0,0,0,0,0,0,0,0,0,0,0,0,0,0,0,0,0,1,0,0,0,0,0,0,0,0,0,0,1,0,0,0,0,0,0,0,0,0,0,1,0,0,0,0,0,0,0,0,0,0,1,0,0,0,0,0,0,0,0,0,0,0,0,0,0,0,0,0,0,0,0,0,0,0,0,0,0,0,0,0,0,0,0,0,0,0,0,0,0,0,0,1,0,0,0,0,0,0,0,0,0,0,0,0,0,0,0,0,0,0,0,0,0,0,0,0,0,0,0,0,0,0,0,0,0,0,1,0,0,0,0,0,0,0,0,0,0,0,0,0,1,0,0,0,0,0,0,0,0,0,0,0,0,0,0,0,0,1,0,0,0,0,0,0,0,0,0,0,0,0,0,1,0,0,0,0,0,0,0,0,0,0,0,0,0,0,0,0,1,0,0,0,0,0,0,0,0,0,0,0,0,0,0,0,0,1,0,0,0,0,0,0,0,0,0,0,1,0,0,0,0,0,0,0,0,0,0,0,0,0,0,0,0,0,0,0,0,0,0,0,0,0,0,0,0,1,0,0,0,0,0,0,0,0,0,0,1,0,0,0,0,0,0,0,0,0,0,0,0,0,0,0,0,1,0,0,0,0,0,0,0,0,0,0,1,0,0,0,0,0,0,0,0,0,0,1,0,0,0,0,0,0,0,0,0,0,1,0,0,0,0,0,0,0,0,0,0,0,0,0,1,0,0,0,0,0,0,0,0,0,0,1,0,0,0,0,0,0,0,0,0,0,1,0,0,0,0,0,0,0,0,0,0,0,0,0,0,0,0,1,0,0,0,0,0,0,0,0,0,0,1,0,0,0,0,0,0,0,0,0,0,1,0,0,0,0,0,0,0,0,0,0,1,0,0,0,0,0,0,0,1,0,0,0,0,0,0,0,1,0,0,0,0,0,0,0,1,0,0,0,0,0,0,0,0,0,0,0,0,0,0,0,0,1,0,0,0,0,0,0,0,1,0,0,0,0,0,0,0,1,0,0,0,0,0,0,0,0,0,0,1,0,0,0,0,0,0,0,1,0,0,0,0,0,0,0,0,0,0,1,0,0,0,0,0,0,0,1,0,0,0,0,0,0,0,1,0,0,0,0,0,0,0,1,0,0,0,0,0,0,0,1,0,0,0,0,0,0,0,1,0,0,0,0,0,0,0,1,0,0,0,0,0,0,0,1,0,0,0,0,0,0,0,0,0,0,1,0,0,0,0,0,0,0,1,0,0,0,0,0,0,0,0,0,0,1,0,0,0,0,0,0,0,1,0,0,0,0,0,0,0,1,0,0,0,0,0,0,0,0,0,0,1,0,0,0,0,0,0,0,1,0,0,0,0,0,0,0,0,0,0,1,0,0,0,0,0,0,0,0,0,0,1,0,0,0,0,0,0,0,1,0,0,0,0,0,0,0,1,0,0,0,0
0,0,0,0,0,0,0,0,0,0,0,0,0,0,0,0,0,0,0,0,0,0,0,0,0,0,0,0,0,0,0,0,0,0,0,0,0,0,0,0,0,0,0,0,0,0,0,0,0,0,0,0,0,0,0,0,0,0,0,0,0,0,0,0,0,0,0,0,0,0,0,0,0,0,0,0,0,0,0,0,0,0,0,0,0,0,0,0,0,0,0,0,0,0,0,0,0,0,0,0,0,0,0,0,0,0,0,0,0,0,0,0,0,0,0,0,0,0,0,0,0,0,0,0,0,0,0,0,0,0,0,0,0,0,0,0,0,0,0,0,0,0,0,0,0,0,0,0,0,0,0,0,0,0,0,0,0,0,0,0,0,0,0,0,0,0,0,0,0,0,0,0,0,0,0,0,0,0,0,0,0,0,0,0,0,0,0,0,0,0,0,0,0,0,0,0,0,0,0,0,0,0,0,0,0,0,0,0,0,0,0,0,0,0,0,0,0,0,0,0,0,0,0,0,0,0,0,0,0,0,0,0,0,0,0,0,0,0,0,0,0,0,0,0,0,0,0,0,0,0,0,0,0,0,0,0,0,0,0,0,0,0,0,0,0,0,0,0,0,0,0,0,0,0,0,0,0,0,0,0,0,0,0,0,0,0,0,0,0,0,0,0,0,0,0,0,0,0,0,0,0,0,0,0,0,0,0,0,0,0,0,0,0,0,0,0,0,0,0,0,0,0,0,0,0,0,0,0,0,0,0,0,0,0,0,0,0,0,0,0,0,0,0,0,0,0,0,0,0,0,0,0,0,0,0,0,0,0,0,0,0,0,0,0,0,0,0,0,0,0,0,0,0,0,0,0,0,0,0,0,0,0,0,0,0,0,0,0,0,0,0,0,0,0,0,0,0,0,0,0,0,0,0,0,0,0,0,0,0,0,0,0,0,0,0,0,0,0,0,0,0,0,0,0,0,0,0,0,0,0,0,0,0,0,0,0,0,0,0,0,0,0,0,0,0,0,0,0,0,0,0,0,0,0,0,0,0,0,0,0,0,0,0,0,0,0,0,0,0,0,0,0,0,0,0,0,0,0,0,0,0,0,0,0,0,0,0,0,0,0,0,0,0,0,0,0,0,0,0,0,0,0,0,0,0,0,0,0,0,0,0,0,0,0,0,0,0,0,0,0,0,0,0,0,0,0,0,0,0,0,0,0,0,0,0,0,0,0,0,0,0,0,0,0,0,0,0,0,0,0,0,0,0,0,0,0,0,0,0,0,0,0,0,0,0,0,0,0,0,0,0,0,0,0,0,0,0,0,0,0,0,0,0,0,0,0,0,0,0,0,0,0,0,0,0,0,0,0,0,0,0,0,0,0,0,0,0,0,0,0,0,0,0,0,0,0,0,0,0,0,0,0,0,0,0,0,0,0,0,0,0,0,0,0,0,0,0,0,0,0,0,0,0,0,0,0,0,0,0,0,0,0,0,0,0,0,0,0,0,0,0,0,0,0,0,0,0,0,1
0,1,1,1,1,1,1,1,1,1,1,1,1,1,1,2,2,2,2,2,2,2,2,2,2,2,2,2,2,2,2,2,2,2,2,2,2,2,2,2,2,2,2,2,3,3,3,3,3,3,3,3,3,3,3,4,4,4,4,4,4,4,4,4,4,4,5,5,5,5,5,5,5,5,5,5,5,6,6,6,6,6,6,6,6,6,6,6,6,6,6,6,6,6,6,6,6,6,6,6,6,6,6,6,6,6,6,6,6,6,6,6,6,6,6,6,6,6,7,7,7,7,7,7,7,7,7,7,7,7,7,7,7,7,7,7,7,7,7,7,7,7,7,7,7,7,7,7,7,7,7,7,7,8,8,8,8,8,8,8,8,8,8,8,8,8,8,9,9,9,9,9,9,9,9,9,9,9,9,9,9,9,9,9,10,10,10,10,10,10,10,10,10,10,10,10,10,10,11,11,11,11,11,11,11,11,11,11,11,11,11,11,11,11,11,12,12,12,12,12,12,12,12,12,12,12,12,12,12,12,12,12,13,13,13,13,13,13,13,13,13,13,13,14,14,14,14,14,14,14,14,14,14,14,14,14,14,14,14,14,14,14,14,14,14,14,14,14,14,14,14,14,15,15,15,15,15,15,15,15,15,15,15,16,16,16,16,16,16,16,16,16,16,16,16,16,16,16,16,16,17,17,17,17,17,17,17,17,17,17,17,18,18,18,18,18,18,18,18,18,18,18,19,19,19,19,19,19,19,19,19,19,19,20,20,20,20,20,20,20,20,20,20,20,20,20,20,21,21,21,21,21,21,21,21,21,21,21,22,22,22,22,22,22,22,22,22,22,22,23,23,23,23,23,23,23,23,23,23,23,23,23,23,23,23,23,24,24,24,24,24,24,24,24,24,24,24,25,25,25,25,25,25,25,25,25,25,25,26,26,26,26,26,26,26,26,26,26,26,27,27,27,27,27,27,27,27,28,28,28,28,28,28,28,28,29,29,29,29,29,29,29,29,30,30,30,30,30,30,30,30,30,30,30,30,30,30,30,30,30,31,31,31,31,31,31,31,31,32,32,32,32,32,32,32,32,33,33,33,33,33,33,33,33,33,33,33,34,34,34,34,34,34,34,34,35,35,35,35,35,35,35,35,35,35,35,36,36,36,36,36,36,36,36,37,37,37,37,37,37,37,37,38,38,38,38,38,38,38,38,39,39,39,39,39,39,39,39,40,40,40,40,40,40,40,40,41,41,41,41,41,41,41,41,42,42,42,42,42,42,42,42,43,43,43,43,43,43,43,43,43,43,43,44,44,44,44,44,44,44,44,45,45,45,45,45,45,45,45,45,45,45,46,46,46,46,46,46,46,46,47,47,47,47,47,47,47,47,48,48,48,48,48,48,48,48,48,48,48,49,49,49,49,49,49,49,49,50,50,50,50,50,50,50,50,50,50,50,51,51,51,51,51,51,51,51,51,51,51,52,52,52,52,52,52,52,52,53,53,53,53,53,53,53,53,54,54,54,54
0,0,6.03129459,8.9637154,9.19684042,9.91326327,11.8461003,12.0625004,12.9620033,14.4785545,14.6949503,16.5109198,18.1271504,18.3601259,22.2089376,0,2.04927221,3.2655998,3.46545548,8.83021008,11.6960068,11.862297,15.1446004,16.9608475,17.1938756,22.3754231,23.8581915,24.074782,26.823824,28.106865,28.2900375,33.8213053,35.3709302,35.5540701,39.8858973,40.9523469,41.1687715,46.4502157,47.6500324,47.8497504,50.6654225,51.8484913,52.0648477,56.8965531,0,2.06590295,3.66569808,3.86527757,4.99818947,5.58145709,6.04791567,11.829188,13.9785649,14.2282838,16.8441232,0,2.0492698,4.28176357,4.46502685,6.81425791,8.5470066,8.74682486,9.3964087,10.4962722,10.6961466,12.2289096,0,2.04913788,4.48183082,4.66493261,8.76349423,10.6129597,10.8127661,13.4285784,14.0785425,14.2949502,17.3437729,0,3.08213464,4.28198634,4.49843503,6.51436878,6.9808922,7.18087014,9.38002578,9.97989909,10.1963677,11.9125192,16.1276822,16.3609183,17.1939649,19.3100517,19.509588,20.0429586,21.1594248,21.3591621,23.0917756,24.9079406,25.0745152,28.5066374,29.8396385,30.0560951,34.4545458,37.286998,37.4701608,40.0859598,41.8852314,42.1018449,44.1512182,45.3010808,45.4673433,50.232354,51.0490195,51.2320486,56.3136094,57.2467021,57.463159,60.7786815,0,3.13225235,6.08142283,6.28108412,8.56362862,12.7789148,12.9951594,13.6451819,14.9284248,15.1278999,20.2428342,22.1424535,22.3254636,23.4750448,24.9080125,25.0577912,27.9901354,29.4398004,29.6561791,34.4378465,37.0871837,37.32015,37.9032721,40.4026209,40.5522746,41.6186288,42.5351364,42.7013603,45.9505111,46.8504389,47.0334028,52.6647446,53.8144499,53.9809454,57.0297618,0,2.26587633,5.88145791,6.06426448,7.48074598,7.94707772,8.14714893,11.1793714,12.2458014,12.4289358,15.49451,15.9444688,16.144316,18.1268793,0,3.39875291,4.96509337,5.18146962,9.28007139,11.6460699,11.8622729,12.6955039,13.8453062,14.0449871,17.6437438,18.6266826,18.8266313,22.2919597,23.2086943,23.3917179,26.4571988,0,2.99891422,4.24846979,4.48173154,9.23003851,10.9629831,11.4456767,15.1279714,15.8779368,16.0108131,20.8759705,21.4926952,21.7090238,26.3740285,0,3.29883173,5.03186688,5.26479206,9.9964707,14.8450466,15.0946804,15.8941537,18.8601233,19.0932662,20.6427184,22.0091562,22.1754826,27.3403556,27.9902367,28.2232471,32.6718203,0,2.06610459,4.08224448,4.29866782,8.73043198,9.26378444,9.4634089,11.7793356,12.8790557,13.2788136,16.5443135,18.3772191,18.5768366,22.1589545,22.5258444,22.7588167,24.7581073,0,3.54872268,5.7482369,5.96453467,9.37972091,11.2295845,11.4126504,14.1616431,14.6950104,14.8778109,20.3594528,0,2.04913758,2.84920855,3.04892296,6.21442744,9.63014974,9.97977657,12.5955381,18.7602595,18.9599809,19.6763747,20.692892,20.909315,23.991552,24.9747769,25.157767,28.3400003,29.6063246,29.8394647,35.5041733,37.053845,37.2368538,38.2365248,39.1864605,39.3694962,41.418698,41.7521882,41.9851894,48.4162452,0,2.04909623,4.26537159,4.46508541,8.98014846,11.8960107,12.0789398,16.0942973,16.5443835,16.7440125,21.8089691,0,2.3492682,3.38263862,3.56567641,5.43167873,10.9799655,11.17965,11.696002,12.5959223,13.0623003,17.5274168,17.9941539,18.1938373,21.5758876,22.1260084,22.2924055,28.6567451,0,2.04905578,6.29811449,6.53114864,7.21423485,8.4473601,8.63037948,10.0132481,10.4631638,10.7129162,14.1950972,0,2.3994182,4.03238848,4.24871764,9.54687533,10.8299453,11.0127851,13.4621281,13.9288671,14.1285111,16.2111523,0,2.06622745,6.61472189,6.81451811,7.33099928,12.512743,12.695788,13.2622323,14.3121227,14.5117955,17.5940418,0,2.43245752,3.9486845,4.09851786,7.78054787,9.48018842,9.71321805,12.6788454,13.9618466,14.1450272,16.9106921,18.1271359,18.3268569,22.7086534,0,2.04928398,4.84836758,5.09817918,7.36406245,8.66384831,8.84683811,10.0131295,10.4132223,10.5962441,13.6118757,0,3.41567917,4.34881447,4.58197783,8.84715355,10.4134629,10.5965258,12.2459222,12.8291439,13.0289395,15.8944139,0,2.06623228,5.8984548,6.08150738,6.86456911,7.49792094,7.6976266,12.9790763,14.5953793,14.9117187,15.6614739,16.3114586,16.494267,19.793362,20.1267353,20.3931272,22.0758847,0,2.98224334,4.44852164,4.61500627,7.51404188,8.6970621,8.89683779,10.6129096,11.3127572,11.4792633,15.1613217,0,2.04922391,4.58193855,4.73162582,7.89716047,9.13016981,9.31339023,11.4290707,12.5124991,12.7288243,15.0946701,0,2.06617341,5.19864699,5.38171286,7.49763692,8.61395095,8.83050409,12.9123858,13.7289043,13.9120667,16.1445158,0,2.36606435,3.7823306,3.96548189,6.81448491,9.08044542,9.31360334,12.912339,0,3.0989157,5.73145886,5.89790243,6.64765318,7.53079936,7.76379579,11.5959245,0,2.0491735,5.06520111,5.2315179,6.63098682,7.76403724,7.96381173,11.5625779,0,2.04930723,4.248602,4.36511713,9.14676557,10.8464282,11.0461169,11.8788795,12.7457415,12.9621159,16.3442438,19.3266987,19.5263929,22.375472,22.8420546,23.0752037,28.4732029,0,2.06621416,4.1656448,4.39872816,7.7975336,8.91394634,9.11369697,12.6624686,0,2.43243247,3.48231922,3.68202368,6.38107353,7.51423503,7.73061641,11.5459206,0,2.04901563,3.88219564,4.06523857,6.44750835,7.71415588,7.9138546,10.4460184,11.0463451,11.2626848,16.094323,0,2.06625461,3.21604777,3.54904446,5.39838586,6.53145439,6.78117694,9.81346856,0,2.04924233,3.9154852,4.04854232,8.23040255,9.43028896,9.59657678,12.2956508,12.8790497,13.1286865,19.3098809,0,3.04891512,4.08213098,4.2818294,6.09783446,7.31419857,7.59727587,10.9628259,0,2.06602822,3.49910391,3.94857616,8.64673976,10.1300735,10.3796189,12.495686,0,2.06618881,2.98261881,3.13247391,7.61413089,8.96402329,9.18034853,10.7964421,0,3.66535128,4.63190141,4.88137825,9.41332107,10.1799639,10.4296276,15.7442974,0,2.8989541,5.23168027,5.69792272,8.44696018,9.23014352,9.54658343,13.4118915,0,2.04929515,3.09920425,3.23218832,8.41366368,9.26363562,9.44666738,13.5452127,0,2.04928579,3.03237248,3.23218168,7.56398662,8.49718018,8.66356399,14.1949611,0,3.41520405,6.98109535,7.16415186,8.01380718,8.96376883,9.14650024,12.6288467,13.2622293,13.4785633,15.9110078,0,2.04927885,3.31575524,3.51543494,6.06434507,7.23080942,7.4806343,9.27983444,0,2.04926557,2.76591297,2.94893235,5.64801661,6.9477572,7.09751057,11.279311,14.111922,14.3782391,16.2274347,0,3.6986846,4.38206328,4.54841992,10.2463734,11.7460654,11.9790666,15.3112477,0,3.88194423,5.79803072,5.98124389,6.78088656,7.46431655,7.6805953,12.1123839,0,3.14885683,6.86448547,6.98067761,8.96347244,10.1966312,10.3796479,15.461209,18.2770105,18.4934306,21.9753296,0,2.04928549,2.81576444,3.01557062,4.41507787,5.14841246,5.46470024,8.2136245,0,2.06618247,4.46548443,4.63185495,8.51383873,9.9967689,10.1799199,12.9456159,13.8287998,14.0116824,16.0278728,0,2.04927251,4.93177695,5.11486999,9.18006871,11.6627299,11.8124848,12.7787992,13.8452126,14.0117256,17.2772137,0,2.04924203,5.56499599,6.04788579,6.58099619,7.71421535,7.88050951,11.3625921,0,3.89858735,4.76520753,5.01490564,10.7127233,12.1126788,12.2956773,16.6273682,0,2.06598989,2.4826241,2.63570992
0,0,0,2.93242081,0,0,1.93283707,0,0,1.51655117,0,0,1.61623057,0,0,0,0,1.21632759,0,0,2.86579673,0,0,1.81624711,0,0,1.48276838,0,0,1.28304102,0,0,1.5496249,0,0,1.06644958,0,0,1.19981668,0,0,1.18306882,0,0,0,0,1.59979513,0,0,0.583267623,0,0,2.14937689,0,0,0,0,2.23249377,0,0,1.73274869,0,0,1.0998635,0,0,0,0,2.43269293,0,0,1.84946543,0,0,0.649964153,0,0,0,0,1.1998517,0,0,0.466523414,0,0,0.599873309,0,0,4.21516303,0,0,2.11608673,0,0,1.11646617,0,0,1.81616501,0,0,1.33300116,0,0,2.83245223,0,0,1.79927165,0,0,1.14986258,0,0,0.816665483,0,0,0.933092742,0,0,0,0,2.94917048,0,0,4.21528618,0,0,1.28324296,0,0,1.89961936,0,0,1.43296762,0,0,1.44966507,0,0,2.6493372,0,0,2.49934871,0,0,0.916507582,0,0,0.899927855,0,0,1.14970531,0,0,0,0,3.61558158,0,0,0.466331736,0,0,1.06642996,0,0,0.44995878,0,0,0,0,1.56634046,0,0,2.36599852,0,0,1.14980221,0,0,0.982938781,0,0,0.916734577,0,0,0,0,1.24955556,0,0,1.73294459,0,0,0.74996533,0,0,0.616724707,0,0,0,0,1.73303515,0,0,4.84857586,0,0,2.96596966,0,0,1.36643772,0,0,0.649881143,0,0,0,0,2.01613989,0,0,0.533352459,0,0,1.09972012,0,0,1.83290562,0,0,0.366889897,0,0,0,0,2.19951422,0,0,1.84986357,0,0,0.53336725,0,0,0,0,0.800070964,0,0,3.4157223,0,0,6.16472143,0,0,1.01651721,0,0,0.98322494,0,0,1.26632425,0,0,1.54967168,0,0,0.949935688,0,0,0.333490166,0,0,0,0,2.21627536,0,0,2.91586221,0,0,0.450086163,0,0,0,0,1.03337042,0,0,5.54828677,0,0,0.899920308,0,0,0.466737128,0,0,0.550120846,0,0,0,0,4.24905871,0,0,1.23312525,0,0,0.449915614,0,0,0,0,1.63297028,0,0,1.28307,0,0,0.466738939,0,0,0,0,4.54849445,0,0,5.18174367,0,0,1.04989038,0,0,0,0,1.51622698,0,0,1.69964055,0,0,1.28300117,0,0,1.2164438,0,0,0,0,2.79908359,0,0,1.29978586,0,0,0.400092819,0,0,0,0,0.933135304,0,0,1.56630937,0,0,0.58322174,0,0,0,0,3.83222252,0,0,0.633351825,0,0,1.61630301,0,0,0.649984679,0,0,0.333373348,0,0,0,0,1.46627831,0,0,1.18302022,0,0,0.699847621,0,0,0,0,2.53271464,0,0,1.23300934,0,0,1.08342836,0,0,0,0,3.13247358,0,0,1.11631403,0,0,0.816518479,0,0,0,0,1.41626625,0,0,2.26596051,0,0,0,0,2.63254315,0,0,0.883146186,0,0,0,0,3.0160276,0,0,1.13305042,0,0,0,0,2.19929477,0,0,1.69966258,0,0,0.866861976,0,0,2.98245491,0,0,0.466582578,0,0,0,0,2.09943064,0,0,1.11641274,0,0,0,0,1.04988676,0,0,1.13316151,0,0,0,0,1.83318001,0,0,1.26664754,0,0,0.600326697,0,0,0,0,1.14979315,0,0,1.13306853,0,0,0,0,1.86624287,0,0,1.19988641,0,0,0.58339893,0,0,0,0,1.03321587,0,0,1.21636411,0,0,0,0,1.43307569,0,0,1.48333376,0,0,0,0,0.916430005,0,0,1.3498924,0,0,0,0,0.966550128,0,0,0.766642858,0,0,0,0,2.33272617,0,0,0.783183344,0,0,0,0,1.04990909,0,0,0.849971941,0,0,0,0,0.98308669,0,0,0.933193562,0,0,0,0,3.5658913,0,0,0.949961647,0,0,0.633382614,0,0,0,0,1.26647639,0,0,1.16646434,0,0,0,0,0.716647401,0,0,1.29974058,0,0,2.83261101,0,0,0,0,0.683378675,0,0,1.49969192,0,0,0,0,1.91608649,0,0,0.683429991,0,0,0,0,3.71562864,0,0,1.23315876,0,0,2.81580157,0,0,0,0,0.766478951,0,0,0.733334589,0,0,0,0,2.39930196,0,0,1.48293018,0,0,0.883183918,0,0,0,0,2.88250444,0,0,2.48266122,0,0,1.06641336,0,0,0,0,3.51575397,0,0,1.13321916,0,0,0,0,0.866620189,0,0,1.39995547,0,0,0,0,0,0
0,0,0,0,0,0,0,0,0,0,0,0,0,0,0,0,0,0,0,0,0,0,0,0,0,0,0,0,0,0,0,0,0,0,0,0,0,0,0,0,0,0,0,0,0,0,0,0,0,0,0,0,0,0,0,0,0,0,0,0,0,0,0,0,0,0,0,0,0,0,0,0,0,0,0,0,0,0,0,0,0,0,0,0,0,0,0,1,0,0,0,0,0,0,0,0,0,0,0,0,0,0,1,0,0,0,0,0,0,0,0,0,0,0,0,0,0,0,0,0,0,0,0,0,0,0,0,0,0,0,0,1,0,0,0,0,0,0,0,0,0,0,0,1,0,0,0,0,0,0,0,0,0,0,0,0,0,0,0,0,1,0,0,0,0,0,0,0,0,0,0,0,0,0,0,0,0,0,0,0,0,0,0,0,0,0,0,0,0,0,0,1,0,0,0,0,0,0,0,0,0,0,0,0,0,1,0,0,0,0,0,0,0,0,0,0,0,0,0,0,0,0,0,0,0,1,0,0,0,0,0,0,0,0,0,0,0,0,0,0,0,0,0,0,0,0,0,1,0,0,0,0,0,0,0,0,0,0,0,1,0,0,0,0,0,0,0,0,0,0,0,0,0,0,0,0,1,0,0,0,0,0,0,0,0,0,0,0,0,0,0,0,0,1,0,0,0,0,0,0,0,0,0,0,0,0,0,0,0,0,0,0,0,0,0,1,0,0,0,0,0,0,0,0,0,0,0,0,0,0,0,0,0,0,0,0,0,0,0,0,1,0,0,0,0,0,0,0,0,0,0,0,0,0,0,0,0,0,0,0,0,0,1,0,0,0,0,0,0,0,0,0,0,0,0,0,1,0,0,0,0,0,0,0,0,0,0,0,0,0,1,0,0,0,0,0,0,0,0,0,0,0,0,0,0,0,0,0,0,0,0,0,1,0,0,0,0,0,0,0,0,0,0,0,0,0,0,0,0,0,0,0,0,0,0,0,0,0,0,1,0,0,0,0,0,0,0,0,0,0,0,0,0,1,0,0,0,0,0,0,0,0,0,0,0,0,0,0,0,0,0,0,1,0,0,0,0,0,0,0,0,0,0,0,0,0,0,0,0,0,0,1,0,0,0,0,0,0,0,0,0,0,0,0,0,0,0,0,0,0,0,0,0,0,0,0,0,0,1,0,0,0,0,0,0,0,0,0,0,0,0,0,0,0,1,0,0,0,0,0,0,0,0,0,0,0,0,0,0,0,1,0,0,0,0,0,0,0,0,0,0,0,0,0,0,0,1,0,0,0,0,0,0,0,0,0,0,0,0,0,0,0,0,0,0,1,0,0,0,0,0,0,0,0,0,0,0,0,0,0,0,0,0,0,1,0,0,0,0,0,0,0,0,0,0,0,0,0,0,0,0,0,0,0,0,0,0,0,0,0,0,1,0,0,0,0,0,0,0,0,0,0,0,0,0,1,0,0,0,0,0,0,0,0,0,0,0,0,0,0,0,1,0,0,0,0,0,0,0
0,0,0,0,0,0,0,0,0,0,0,0,0,0,0,0,0,0,0,0,0,0,0,0,0,0,0,0,0,0,0,0,0,0,0,0,0,0,0,0,0,0,0,0,0,0,0,0,0,0,0,0,0,0,0,0,0,0,0,0,0,0,0,0,0,0,0,0,0,0,0,0,0,0,0,0,0,0,0,0,0,0,0,0,0,0,0,0,0,0,0,0,0,0,0,0,0,0,0,0,0,0,0,0,0,0,0,0,0,0,0,0,0,0,0,0,0,0,0,0,0,0,0,0,0,0,0,0,0,0,0,0,0,0,0,0,0,0,0,0,0,0,0,0,0,0,0,0,0,0,0,0,0,0,0,0,0,0,0,0,0,0,0,0,0,0,0,0,0,0,0,0,0,0,0,0,0,0,0,0,0,0,0,0,0,0,0,0,0,0,0,0,0,0,0,0,0,0,0,0,0,0,0,0,0,0,0,0,0,0,0,0,0,0,0,0,0,0,0,0,0,0,0,0,0,0,0,0,0,0,0,0,0,0,0,0,0,0,0,0,0,0,0,0,0,0,0,0,0,0,0,0,0,0,0,0,0,0,0,0,0,0,0,0,0,0,0,0,0,0,0,0,0,0,0,0,0,0,0,0,0,0,0,0,0,0,0,0,0,0,0,0,0,0,0,0,0,0,0,0,0,0,0,0,0,0,0,0,0,0,0,0,0,0,0,0,0,0,0,0,0,0,0,0,0,0,0,0,0,0,0,0,0,0,0,0,0,0,0,0,0,0,0,0,0,0,0,0,0,0,0,0,0,0,0,0,0,0,0,0,0,0,0,0,0,0,0,0,0,0,0,0,0,0,0,0,0,0,0,0,0,0,0,0,0,0,0,0,0,0,0,0,0,0,0,0,0,0,0,0,0,0,0,0,0,0,0,0,0,0,0,0,0,0,0,0,0,0,0,0,0,0,0,0,0,0,0,0,0,0,0,0,0,0,0,0,0,0,0,0,0,0,0,0,0,0,0,0,0,0,0,0,0,0,0,0,0,0,0,0,0,0,0,0,0,0,0,0,0,0,0,0,0,0,0,0,0,0,0,0,0,0,0,0,0,0,0,0,0,0,0,0,0,0,0,0,0,0,0,0,0,0,0,0,0,0,0,0,0,0,0,0,0,0,0,0,0,0,0,0,0,0,0,0,0,0,0,0,0,0,0,0,0,0,0,0,0,0,0,0,0,0,0,0,0,0,0,0,0,0,0,0,0,0,0,0,0,0,0,0,0,0,0,0,0,0,0,0,0,0,0,0,0,0,0,0,0,0,0,0,0,0,0,0,0,0,0,0,0,0,0,0,0,0,0,0,0,0,0,0,0,0,0,0,0,0,0,0,0,0,0,0,0,0,0,0,0,0,0,0,0,0,0,0,0,0,0,0,0,0,0,0,0,0,0,0,0,0,0,0,0,0,0,0,0,0,0,0,0,0,0,0,0,0,0,0,0,0,0,0,0,0,0,0,0,0,0,0,0
0,0,0,0,0,0,0,0,0,0,0,0,0,0,0,0,0,0,0,0,0,0,0,0,0,0,0,0,0,0,0,0,0,0,0,0,0,0,0,0,0,0,0,0,0,0,0,0,0,0,0,0,0,0,0,0,0,0,0,0,0,0,0,0,0,0,0,0,0,0,0,0,0,0,0,0,0,0,0,0,0,0,0,0,0,0,0,0,0,0,0,0,0,0,0,0,0,0,0,0,0,0,0,0,0,0,0,0,0,0,0,0,0,0,0,0,0,0,0,0,0,0,0,0,0,0,0,0,0,0,0,0,0,0,0,0,0,0,0,0,0,0,0,0,0,0,0,0,0,0,0,0,0,0,0,0,0,0,0,0,0,0,0,0,0,0,0,0,0,0,0,0,0,0,0,0,0,0,0,0,0,0,0,0,0,0,0,0,0,0,0,0,0,0,0,0,0,0,0,0,0,0,0,0,0,0,0,0,0,0,0,0,0,0,0,0,0,0,0,0,0,0,0,0,0,0,0,0,0,0,0,0,0,0,0,0,0,0,0,0,0,0,0,0,0,0,0,0,0,0,0,0,0,0,0,0,0,0,0,0,0,0,0,0,0,0,0,0,0,0,0,0,0,0,0,0,0,0,0,0,0,0,0,0,0,0,0,0,0,0,0,0,0,0,0,0,0,0,0,0,0,0,0,0,0,0,0,0,0,0,0,0,0,0,0,0,0,0,0,0,0,0,0,0,0,0,0,0,0,0,0,0,0,0,0,0,0,0,0,0,0,0,0,0,0,0,0,0,0,0,0,0,0,0,0,0,0,0,0,0,0,0,0,0,0,0,0,0,0,0,0,0,0,0,0,0,0,0,0,0,0,0,0,0,0,0,0,0,0,0,0,0,0,0,0,0,0,0,0,0,0,0,0,0,0,0,0,0,0,0,0,0,0,0,0,0,0,0,0,0,0,0,0,0,0,0,0,0,0,0,0,0,0,0,0,0,0,0,0,0,0,0,0,0,0,0,0,0,0,0,0,0,0,0,0,0,0,0,0,0,0,0,0,0,0,0,0,0,0,0,0,0,0,0,0,0,0,0,0,0,0,0,0,0,0,0,0,0,0,0,0,0,0,0,0,0,0,0,0,0,0,0,0,0,0,0,0,0,0,0,0,0,0,0,0,0,0,0,0,0,0,0,0,0,0,0,0,0,0,0,0,0,0,0,0,0,0,0,0,0,0,0,0,0,0,0,0,0,0,0,0,0,0,0,0,0,0,0,0,0,0,0,0,0,0,0,0,0,0,0,0,0,0,0,0,0,0,0,0,0,0,0,0,0,0,0,0,0,0,0,0,0,0,0,0,0,0,0,0,0,0,0,0,0,0,0,0,0,0,0,0,0,0,0,0,0,0,0,0,0,0,0,0,0,0,0,0,0,0,0,0,0,0,0,0,0,0,0,0,0,0,0,0,0,0,0,0,0,0,0,0,0,0,0,0,0,0,0,0,0,0,0,0,0,0,0,0,0,0
0,0.0247425415,6.05603713,8.98845794,9.22158296,9.93800581,11.8708429,12.087243,12.9867458,14.503297,14.7196929,16.5356623,18.1518929,18.3848685,22.2336801,25.2992604,27.3485326,28.5648602,28.7647159,34.1294705,36.9952672,37.1615574,40.4438608,42.2601079,42.493136,47.6746835,49.1574519,49.3740424,52.1230844,53.4061254,53.5892979,59.1205657,60.6701906,60.8533305,65.1851577,66.2516073,66.4680319,71.7494761,72.9492928,73.1490108,75.9646829,77.1477517,77.3641081,82.1958135,85.7279384,87.7938413,89.3936365,89.5932159,90.7261278,91.3093955,91.775854,97.5571264,99.7065033,99.9562222,102.572062,105.987507,108.036777,110.269271,110.452534,112.801765,114.534514,114.734332,115.383916,116.483779,116.683654,118.216417,121.048892,123.098029,125.530722,125.713824,129.812386,131.661851,131.861658,134.47747,135.127434,135.343842,138.392665,141.341628,144.423763,145.623614,145.840063,147.855997,148.32252,148.522498,150.721654,151.321527,151.537996,153.254147,157.46931,157.702546,158.535593,160.65168,160.851216,161.384587,162.501053,162.70079,164.433404,166.249569,166.416143,169.848265,171.181266,171.397723,175.796174,178.628626,178.811789,181.427588,183.226859,183.443473,185.492846,186.642709,186.808971,191.573982,192.390647,192.573677,197.655237,198.58833,198.804787,202.120309,205.185917,208.31817,211.26734,211.467002,213.749546,217.964832,218.181077,218.831099,220.114342,220.313817,225.428752,227.328371,227.511381,228.660962,230.09393,230.243709,233.176053,234.625718,234.842097,239.623764,242.273101,242.506067,243.08919,245.588538,245.738192,246.804546,247.721054,247.887278,251.136429,252.036356,252.21932,257.850662,259.000367,259.166863,262.215679,265.048141,267.314017,270.929598,271.112405,272.528887,272.995218,273.19529,276.227512,277.293942,277.477076,280.542651,280.992609,281.192457,283.17502,286.590577,289.98933,291.55567,291.772047,295.870649,298.236647,298.45285,299.286081,300.435883,300.635564,304.234321,305.21726,305.417208,308.882537,309.799271,309.982295,313.047776,316.580018,319.578932,320.828487,321.061749,325.810056,327.543001,328.025694,331.707989,332.457954,332.590831,337.455988,338.072713,338.289041,342.954046,346.369493,349.668325,351.40136,351.634285,356.365964,361.214539,361.464173,362.263647,365.229616,365.462759,367.012211,368.378649,368.544975,373.709848,374.35973,374.59274,379.041313,382.439961,384.506065,386.522205,386.738629,391.170393,391.703745,391.90337,394.219296,395.319017,395.718774,398.984274,400.81718,401.016797,404.598915,404.965805,405.198777,407.198068,409.913785,413.462508,415.662022,415.87832,419.293506,421.14337,421.326436,424.075428,424.608796,424.791596,430.273238,433.338871,435.388008,436.188079,436.387793,439.553298,442.96902,443.318647,445.934409,452.09913,452.298851,453.015245,454.031762,454.248186,457.330422,458.313647,458.496638,461.678871,462.945195,463.178335,468.843044,470.392715,470.575724,471.575395,472.525331,472.708367,474.757569,475.091059,475.32406,481.755116,484.354235,486.403331,488.619606,488.81932,493.334383,496.250245,496.433174,500.448532,500.898618,501.098247,506.163204,509.328488,511.677756,512.711126,512.894164,514.760166,520.308453,520.508138,521.02449,521.92441,522.390788,526.855904,527.322642,527.522325,530.904375,531.454496,531.620893,537.985233,541.38402,543.433076,547.682135,547.915169,548.598255,549.83138,550.0144,551.397268,551.847184,552.096936,555.579117,558.394577,560.793995,562.426965,562.643294,567.941452,569.224522,569.407362,571.856705,572.323444,572.523088,574.605729,578.004285,580.070512,584.619006,584.818803,585.335284,590.517028,590.700073,591.266517,592.316407,592.51608,595.598326,598.780592,601.213049,602.729276,602.87911,606.56114,608.26078,608.49381,611.459437,612.742439,612.925619,615.691284,616.907728,617.107449,621.489245,624.671462,626.720746,629.51983,629.769641,632.035525,633.33531,633.5183,634.684592,635.084684,635.267706,638.283338,641.332001,644.74768,645.680816,645.913979,650.179155,651.745464,651.928527,653.577923,654.161145,654.360941,657.226415,660.508506,662.574738,666.40696,666.590013,667.373075,668.006427,668.206132,673.487582,675.103885,675.420224,676.16998,676.819964,677.002773,680.301868,680.635241,680.901633,682.58439,685.649978,688.632221,690.0985,690.264984,693.16402,694.34704,694.546816,696.262888,696.962735,697.129241,700.8113,703.76028,705.809503,708.342218,708.491905,711.65744,712.890449,713.07367,715.18935,716.272779,716.489104,718.85495,722.020223,724.086396,727.21887,727.401936,729.51786,730.634174,730.850727,734.932609,735.749127,735.93229,738.164739,740.980245,743.346309,744.762576,744.945727,747.79473,750.060691,750.293848,753.892584,757.191422,760.290338,762.922881,763.089325,763.839076,764.722222,764.955218,768.787347,771.619691,773.668865,776.684893,776.851209,778.250678,779.383729,779.583503,783.182269,786.364469,788.413776,790.613071,790.729586,795.511235,797.210897,797.410586,798.243349,799.110211,799.326585,802.708713,805.691168,805.890862,808.739941,809.206524,809.439673,814.837672,818.35295,820.419164,822.518594,822.751678,826.150483,827.266896,827.466647,831.015418,834.081008,836.513441,837.563327,837.763032,840.462082,841.595243,841.811625,845.626929,848.22603,850.275046,852.108226,852.291269,854.673539,855.940186,856.139885,858.672049,859.272376,859.488715,864.320353,867.369,869.435254,870.585047,870.918044,872.767385,873.900454,874.150177,877.182468,880.131462,882.180705,884.046948,884.180005,888.361865,889.561751,889.728039,892.427113,893.010512,893.260149,899.441343,902.740168,905.789083,906.822299,907.021997,908.838003,910.054367,910.337444,913.702994,916.868431,918.93446,920.367535,920.817008,925.515171,926.998505,927.24805,929.364117,932.062916,934.129105,935.045535,935.19539,939.677047,941.02694,941.243265,942.859359,945.575101,949.240452,950.207002,950.456479,954.988422,955.755065,956.004729,961.319398,964.851645,967.750599,970.083325,970.549568,973.298605,974.081788,974.398228,978.263536,981.679008,983.728303,984.778212,984.911196,990.092671,990.942643,991.125675,995.22422,998.523098,1000.57238,1001.55547,1001.75528,1006.08709,1007.02028,1007.18666,1012.71806,1016.13357,1019.54878,1023.11467,1023.29773,1024.14738,1025.09734,1025.28007,1028.76242,1029.3958,1029.61214,1032.04458,1035.22681,1037.27609,1038.54256,1038.74224,1041.29115,1042.45762,1042.70744,1044.50664,1047.33922,1049.38849,1050.10513,1050.28815,1052.98724,1054.28698,1054.43673,1058.61853,1061.45114,1061.71746,1063.56666,1066.28257,1069.98125,1070.66463,1070.83099,1076.52894,1078.02864,1078.26164,1081.59382,1084.65943,1088.54137,1090.45746,1090.64067,1091.44032,1092.12375,1092.34003,1096.77181,1099.37091,1102.51977,1106.2354,1106.35159,1108.33439,1109.56755,1109.75056,1114.83212,1117.64792,1117.86434,1121.34624,1124.41208,1126.46136,1127.22784,1127.42765,1128.82716,1129.56049,1129.87678,1132.6257,1135.67458,1137.74076,1140.14006,1140.30643,1144.18841,1145.67134,1145.8545,1148.62019,1149.50338,1149.68626,1151.70245,1154.65143,1156.7007,1159.58321,1159.7663,1163.8315,1166.31416,1166.46392,1167.43023,1168.49664,1168.66316,1171.92864,1175.34414,1177.39339,1180.90914,1181.39203,1181.92514,1183.05836,1183.22465,1186.70674,1189.42249,1193.32107,1194.18769,1194.43739,1200.13521,1201.53516,1201.71816,1206.04985,1209.21545,1211.28144,1211.69808,1211.85116
0,0,0,0,0,0,0,0,0,0,0,0,0,0,0,0,0,0,0,0,0,0,0,0,0,0,0,0,0,0,0,0,0,0,0,0,0,0,0,0,0,0,0,0,0,0,0,0,0,0,0,0,0,0,0,0,0,0,0,0,0,0,0,0,0,0,0,0,0,0,0,0,0,0,0,0,0,0,0,0,0,0,0,0,0,0,0,0,0,0,0,0,0,0,0,0,0,0,0,0,0,0,0,0,0,0,0,0,0,0,0,0,0,0,0,0,0,0,0,0,0,0,0,0,0,0,0,0,0,0,0,0,0,0,0,0,0,0,0,0,0,0,0,0,0,0,0,0,0,0,0,0,0,0,0,0,0,0,0,0,0,0,0,0,0,0,0,0,0,0,0,0,0,0,0,0,0,0,0,0,0,0,0,0,0,0,0,0,0,0,0,0,0,0,0,0,0,0,0,0,0,0,0,0,0,0,0,0,0,0,0,0,0,0,0,0,0,0,0,0,0,0,0,0,0,0,0,0,0,0,0,0,0,0,0,0,0,0,0,0,0,0,0,0,0,0,0,0,0,0,0,0,0,0,0,0,0,0,0,0,0,0,0,0,0,0,0,0,0,0,0,0,0,0,0,0,0,0,0,0,0,0,0,0,0,0,0,0,0,0,0,0,0,0,0,0,0,0,0,0,0,0,0,0,0,0,0,0,0,0,0,0,0,0,0,0,0,0,0,0,0,0,0,0,0,0,0,0,0,0,0,0,0,0,0,0,0,0,0,0,0,0,0,0,0,0,0,0,0,0,0,0,0,0,0,0,0,0,0,0,0,0,0,0,0,0,0,0,0,0,0,0,0,0,0,0,0,0,0,0,0,0,0,0,0,0,0,0,0,0,0,0,0,0,0,0,0,0,0,0,0,0,0,0,0,0,0,0,0,0,0,0,0,0,0,0,0,0,0,0,0,0,0,0,0,0,0,0,0,0,0,0,0,0,0,0,0,0,0,0,0,0,0,0,0,0,0,0,0,0,0,0,0,0,0,0,0,0,0,0,0,0,0,0,0,0,0,0,0,0,0,0,0,0,0,0,0,0,0,0,0,0,0,0,0,0,0,0,0,0,0,0,0,0,0,0,0,0,0,0,0,0,0,0,0,0,0,0,0,0,0,0,0,0,0,0,0,0,0,0,0,0,0,0,0,0,0,0,0,0,0,0,0,0,0,0,0,0,0,0,0,0,0,0,0,0,0,0,0,0,0,0,0,0,0,0,0,0,0,0,0,0,0,0,0,0,0,0,0,0,0,0,0,0,0,0,0,0,0,0,0,0,0,0,0,0,0,0,0,0,0,0,0,0,0,0,0,0,0,0,0,0,0,0,0,0,0,0,0,0,0,0,0,0,0,0,0,0,0,0,0,0,0,0,0,0,0,0,0,0,0,0,0,0,0,0,0,0,0,0,0,0,0,0,0,0,0,0,0,0,0,0,0,0,0,0,0,0,0,0,0,0,0,0,0,0,0,0,0
